<?xml version="1.0" encoding="utf-8" standalone="yes"?>
<rss version="2.0" xmlns:atom="http://www.w3.org/2005/Atom">
  <channel>
    <title>RocketPlay Online Casino Australia | Play &amp; Win Big on Rocketplay</title>
    <link>https://official-rocketplay-au.com/</link>
    <description>Recent content in RocketPlay Online Casino Australia | Play &amp; Win Big on Rocketplay</description>
    <generator>Hugo</generator>
    <language>en</language>
    <lastBuildDate></lastBuildDate>
    <atom:link href="https://official-rocketplay-au.com/index.xml" rel="self" type="application/rss+xml" />
  </channel>
</rss>
